Metodo,Acuracia
Clf original data,1.0
"Clf MultNeg ""loc""",0.987987987987988
"Clf MultNeg ""v(g)""",1.0
"Clf MultNeg ""ev(g)""",1.0
"Clf MultNeg ""iv(G)""",0.996996996996997
"Clf MultNeg ""N""",0.996996996996997
"Clf MultNeg ""V""",0.996996996996997
"Clf MultNeg ""L""",0.996996996996997
"Clf MultNeg ""D""",0.996996996996997
"Clf MultNeg ""I""",0.993993993993994
"Clf MultNeg ""E""",0.996996996996997
"Clf MultNeg ""B""",0.990990990990991
"Clf MultNeg ""T""",0.996996996996997
"Clf MultNeg ""lOCode""",0.996996996996997
"Clf MultNeg ""lOComment""",0.9819819819819819
"Clf MultNeg ""locCodeAndComment""",1.0
"Clf MultNeg ""lOBlank""",0.9819819819819819
"Clf MultNeg ""uniq_Op""",0.990990990990991
"Clf MultNeg ""uniq_Opnd""",0.987987987987988
"Clf MultNeg ""total_Op""",0.996996996996997
"Clf MultNeg ""total_Opnd""",0.996996996996997
"Clf MultNeg ""branchCount""",0.993993993993994
"Clf Binning ""loc""",0.993993993993994
"Clf Binning ""v(g)""",1.0
"Clf Binning ""ev(g)""",1.0
"Clf Binning ""iv(G)""",0.996996996996997
"Clf Binning ""N""",1.0
"Clf Binning ""V""",0.993993993993994
"Clf Binning ""L""",0.996996996996997
"Clf Binning ""D""",0.996996996996997
"Clf Binning ""I""",0.996996996996997
"Clf Binning ""E""",0.993993993993994
"Clf Binning ""B""",0.996996996996997
"Clf Binning ""T""",0.996996996996997
"Clf Binning ""lOCode""",0.993993993993994
"Clf Binning ""lOComment""",0.996996996996997
"Clf Binning ""locCodeAndComment""",0.996996996996997
"Clf Binning ""lOBlank""",1.0
"Clf Binning ""uniq_Op""",0.996996996996997
"Clf Binning ""uniq_Opnd""",0.993993993993994
"Clf Binning ""total_Op""",0.996996996996997
"Clf Binning ""total_Opnd""",0.993993993993994
"Clf Binning ""branchCount""",0.996996996996997
"Clf MultNeg ""loc"" and ""v(g)""",0.987987987987988
"Clf MultNeg ""loc"" and ""ev(g)""",0.987987987987988
"Clf MultNeg ""loc"" and ""iv(G)""",0.987987987987988
"Clf MultNeg ""loc"" and ""N""",0.987987987987988
"Clf MultNeg ""loc"" and ""V""",0.990990990990991
"Clf MultNeg ""loc"" and ""L""",0.987987987987988
"Clf MultNeg ""loc"" and ""D""",0.990990990990991
"Clf MultNeg ""loc"" and ""I""",0.984984984984985
"Clf MultNeg ""loc"" and ""E""",0.987987987987988
"Clf MultNeg ""loc"" and ""B""",0.987987987987988
"Clf MultNeg ""loc"" and ""T""",0.987987987987988
"Clf MultNeg ""loc"" and ""lOCode""",0.975975975975976
"Clf MultNeg ""loc"" and ""lOComment""",0.984984984984985
"Clf MultNeg ""loc"" and ""locCodeAndComment""",0.987987987987988
"Clf MultNeg ""loc"" and ""lOBlank""",0.9819819819819819
"Clf MultNeg ""loc"" and ""uniq_Op""",0.987987987987988
"Clf MultNeg ""loc"" and ""uniq_Opnd""",0.984984984984985
"Clf MultNeg ""loc"" and ""total_Op""",0.987987987987988
"Clf MultNeg ""loc"" and ""total_Opnd""",0.990990990990991
"Clf MultNeg ""loc"" and ""branchCount""",0.987987987987988
"Clf MultNeg ""v(g)"" and ""ev(g)""",1.0
"Clf MultNeg ""v(g)"" and ""iv(G)""",0.996996996996997
"Clf MultNeg ""v(g)"" and ""N""",1.0
"Clf MultNeg ""v(g)"" and ""V""",0.996996996996997
"Clf MultNeg ""v(g)"" and ""L""",1.0
"Clf MultNeg ""v(g)"" and ""D""",0.993993993993994
"Clf MultNeg ""v(g)"" and ""I""",0.996996996996997
"Clf MultNeg ""v(g)"" and ""E""",0.996996996996997
"Clf MultNeg ""v(g)"" and ""B""",0.993993993993994
"Clf MultNeg ""v(g)"" and ""T""",0.996996996996997
"Clf MultNeg ""v(g)"" and ""lOCode""",0.996996996996997
"Clf MultNeg ""v(g)"" and ""lOComment""",0.9819819819819819
"Clf MultNeg ""v(g)"" and ""locCodeAndComment""",1.0
"Clf MultNeg ""v(g)"" and ""lOBlank""",0.9819819819819819
"Clf MultNeg ""v(g)"" and ""uniq_Op""",0.993993993993994
"Clf MultNeg ""v(g)"" and ""uniq_Opnd""",0.990990990990991
"Clf MultNeg ""v(g)"" and ""total_Op""",0.996996996996997
"Clf MultNeg ""v(g)"" and ""total_Opnd""",0.996996996996997
"Clf MultNeg ""v(g)"" and ""branchCount""",0.996996996996997
"Clf MultNeg ""ev(g)"" and ""iv(G)""",0.996996996996997
"Clf MultNeg ""ev(g)"" and ""N""",1.0
"Clf MultNeg ""ev(g)"" and ""V""",0.996996996996997
"Clf MultNeg ""ev(g)"" and ""L""",0.996996996996997
"Clf MultNeg ""ev(g)"" and ""D""",0.996996996996997
"Clf MultNeg ""ev(g)"" and ""I""",0.996996996996997
"Clf MultNeg ""ev(g)"" and ""E""",0.996996996996997
"Clf MultNeg ""ev(g)"" and ""B""",0.990990990990991
"Clf MultNeg ""ev(g)"" and ""T""",0.996996996996997
"Clf MultNeg ""ev(g)"" and ""lOCode""",0.996996996996997
"Clf MultNeg ""ev(g)"" and ""lOComment""",0.9819819819819819
"Clf MultNeg ""ev(g)"" and ""locCodeAndComment""",1.0
"Clf MultNeg ""ev(g)"" and ""lOBlank""",0.9819819819819819
"Clf MultNeg ""ev(g)"" and ""uniq_Op""",0.993993993993994
"Clf MultNeg ""ev(g)"" and ""uniq_Opnd""",0.990990990990991
"Clf MultNeg ""ev(g)"" and ""total_Op""",0.996996996996997
"Clf MultNeg ""ev(g)"" and ""total_Opnd""",0.996996996996997
"Clf MultNeg ""ev(g)"" and ""branchCount""",0.996996996996997
"Clf MultNeg ""iv(G)"" and ""N""",0.993993993993994
"Clf MultNeg ""iv(G)"" and ""V""",0.996996996996997
"Clf MultNeg ""iv(G)"" and ""L""",0.996996996996997
"Clf MultNeg ""iv(G)"" and ""D""",0.996996996996997
"Clf MultNeg ""iv(G)"" and ""I""",0.990990990990991
"Clf MultNeg ""iv(G)"" and ""E""",0.996996996996997
"Clf MultNeg ""iv(G)"" and ""B""",0.993993993993994
"Clf MultNeg ""iv(G)"" and ""T""",0.996996996996997
"Clf MultNeg ""iv(G)"" and ""lOCode""",0.996996996996997
"Clf MultNeg ""iv(G)"" and ""lOComment""",0.9819819819819819
"Clf MultNeg ""iv(G)"" and ""locCodeAndComment""",0.996996996996997
"Clf MultNeg ""iv(G)"" and ""lOBlank""",0.9819819819819819
"Clf MultNeg ""iv(G)"" and ""uniq_Op""",0.993993993993994
"Clf MultNeg ""iv(G)"" and ""uniq_Opnd""",0.990990990990991
"Clf MultNeg ""iv(G)"" and ""total_Op""",0.996996996996997
"Clf MultNeg ""iv(G)"" and ""total_Opnd""",0.996996996996997
"Clf MultNeg ""iv(G)"" and ""branchCount""",0.993993993993994
"Clf MultNeg ""N"" and ""V""",0.996996996996997
"Clf MultNeg ""N"" and ""L""",0.993993993993994
"Clf MultNeg ""N"" and ""D""",0.993993993993994
"Clf MultNeg ""N"" and ""I""",0.987987987987988
"Clf MultNeg ""N"" and ""E""",0.993993993993994
"Clf MultNeg ""N"" and ""B""",0.990990990990991
"Clf MultNeg ""N"" and ""T""",0.996996996996997
"Clf MultNeg ""N"" and ""lOCode""",0.990990990990991
"Clf MultNeg ""N"" and ""lOComment""",0.9819819819819819
"Clf MultNeg ""N"" and ""locCodeAndComment""",0.996996996996997
"Clf MultNeg ""N"" and ""lOBlank""",0.9819819819819819
"Clf MultNeg ""N"" and ""uniq_Op""",0.987987987987988
"Clf MultNeg ""N"" and ""uniq_Opnd""",0.987987987987988
"Clf MultNeg ""N"" and ""total_Op""",0.993993993993994
"Clf MultNeg ""N"" and ""total_Opnd""",0.996996996996997
"Clf MultNeg ""N"" and ""branchCount""",0.993993993993994
"Clf MultNeg ""V"" and ""L""",0.996996996996997
"Clf MultNeg ""V"" and ""D""",0.993993993993994
"Clf MultNeg ""V"" and ""I""",0.990990990990991
"Clf MultNeg ""V"" and ""E""",0.996996996996997
"Clf MultNeg ""V"" and ""B""",0.990990990990991
"Clf MultNeg ""V"" and ""T""",0.996996996996997
"Clf MultNeg ""V"" and ""lOCode""",0.996996996996997
"Clf MultNeg ""V"" and ""lOComment""",0.9819819819819819
"Clf MultNeg ""V"" and ""locCodeAndComment""",0.996996996996997
"Clf MultNeg ""V"" and ""lOBlank""",0.984984984984985
"Clf MultNeg ""V"" and ""uniq_Op""",0.993993993993994
"Clf MultNeg ""V"" and ""uniq_Opnd""",0.987987987987988
"Clf MultNeg ""V"" and ""total_Op""",0.996996996996997
"Clf MultNeg ""V"" and ""total_Opnd""",0.993993993993994
"Clf MultNeg ""V"" and ""branchCount""",0.993993993993994
"Clf MultNeg ""L"" and ""D""",0.993993993993994
"Clf MultNeg ""L"" and ""I""",0.993993993993994
"Clf MultNeg ""L"" and ""E""",0.996996996996997
"Clf MultNeg ""L"" and ""B""",0.990990990990991
"Clf MultNeg ""L"" and ""T""",0.996996996996997
"Clf MultNeg ""L"" and ""lOCode""",0.996996996996997
"Clf MultNeg ""L"" and ""lOComment""",0.984984984984985
"Clf MultNeg ""L"" and ""locCodeAndComment""",0.996996996996997
"Clf MultNeg ""L"" and ""lOBlank""",0.9819819819819819
"Clf MultNeg ""L"" and ""uniq_Op""",0.987987987987988
"Clf MultNeg ""L"" and ""uniq_Opnd""",0.9819819819819819
"Clf MultNeg ""L"" and ""total_Op""",0.996996996996997
"Clf MultNeg ""L"" and ""total_Opnd""",0.996996996996997
"Clf MultNeg ""L"" and ""branchCount""",0.993993993993994
"Clf MultNeg ""D"" and ""I""",0.996996996996997
"Clf MultNeg ""D"" and ""E""",0.993993993993994
"Clf MultNeg ""D"" and ""B""",0.993993993993994
"Clf MultNeg ""D"" and ""T""",0.990990990990991
"Clf MultNeg ""D"" and ""lOCode""",0.996996996996997
"Clf MultNeg ""D"" and ""lOComment""",0.978978978978979
"Clf MultNeg ""D"" and ""locCodeAndComment""",0.996996996996997
"Clf MultNeg ""D"" and ""lOBlank""",0.9819819819819819
"Clf MultNeg ""D"" and ""uniq_Op""",0.990990990990991
"Clf MultNeg ""D"" and ""uniq_Opnd""",0.984984984984985
"Clf MultNeg ""D"" and ""total_Op""",0.993993993993994
"Clf MultNeg ""D"" and ""total_Opnd""",0.993993993993994
"Clf MultNeg ""D"" and ""branchCount""",0.990990990990991
"Clf MultNeg ""I"" and ""E""",0.987987987987988
"Clf MultNeg ""I"" and ""B""",0.987987987987988
"Clf MultNeg ""I"" and ""T""",0.996996996996997
"Clf MultNeg ""I"" and ""lOCode""",0.993993993993994
"Clf MultNeg ""I"" and ""lOComment""",0.984984984984985
"Clf MultNeg ""I"" and ""locCodeAndComment""",0.993993993993994
"Clf MultNeg ""I"" and ""lOBlank""",0.9819819819819819
"Clf MultNeg ""I"" and ""uniq_Op""",0.987987987987988
"Clf MultNeg ""I"" and ""uniq_Opnd""",0.978978978978979
"Clf MultNeg ""I"" and ""total_Op""",0.987987987987988
"Clf MultNeg ""I"" and ""total_Opnd""",0.996996996996997
"Clf MultNeg ""I"" and ""branchCount""",0.993993993993994
"Clf MultNeg ""E"" and ""B""",0.993993993993994
"Clf MultNeg ""E"" and ""T""",0.996996996996997
"Clf MultNeg ""E"" and ""lOCode""",0.993993993993994
"Clf MultNeg ""E"" and ""lOComment""",0.9819819819819819
"Clf MultNeg ""E"" and ""locCodeAndComment""",0.996996996996997
"Clf MultNeg ""E"" and ""lOBlank""",0.9819819819819819
"Clf MultNeg ""E"" and ""uniq_Op""",0.987987987987988
"Clf MultNeg ""E"" and ""uniq_Opnd""",0.990990990990991
"Clf MultNeg ""E"" and ""total_Op""",0.996996996996997
"Clf MultNeg ""E"" and ""total_Opnd""",0.993993993993994
"Clf MultNeg ""E"" and ""branchCount""",0.993993993993994
"Clf MultNeg ""B"" and ""T""",0.993993993993994
"Clf MultNeg ""B"" and ""lOCode""",0.990990990990991
"Clf MultNeg ""B"" and ""lOComment""",0.978978978978979
"Clf MultNeg ""B"" and ""locCodeAndComment""",0.993993993993994
"Clf MultNeg ""B"" and ""lOBlank""",0.9819819819819819
"Clf MultNeg ""B"" and ""uniq_Op""",0.987987987987988
"Clf MultNeg ""B"" and ""uniq_Opnd""",0.984984984984985
"Clf MultNeg ""B"" and ""total_Op""",0.990990990990991
"Clf MultNeg ""B"" and ""total_Opnd""",0.993993993993994
"Clf MultNeg ""B"" and ""branchCount""",0.987987987987988
"Clf MultNeg ""T"" and ""lOCode""",0.993993993993994
"Clf MultNeg ""T"" and ""lOComment""",0.9819819819819819
"Clf MultNeg ""T"" and ""locCodeAndComment""",0.996996996996997
"Clf MultNeg ""T"" and ""lOBlank""",0.9819819819819819
"Clf MultNeg ""T"" and ""uniq_Op""",0.987987987987988
"Clf MultNeg ""T"" and ""uniq_Opnd""",0.984984984984985
"Clf MultNeg ""T"" and ""total_Op""",0.993993993993994
"Clf MultNeg ""T"" and ""total_Opnd""",0.996996996996997
"Clf MultNeg ""T"" and ""branchCount""",0.993993993993994
"Clf MultNeg ""lOCode"" and ""lOComment""",0.9819819819819819
"Clf MultNeg ""lOCode"" and ""locCodeAndComment""",0.996996996996997
"Clf MultNeg ""lOCode"" and ""lOBlank""",0.9819819819819819
"Clf MultNeg ""lOCode"" and ""uniq_Op""",0.990990990990991
"Clf MultNeg ""lOCode"" and ""uniq_Opnd""",0.984984984984985
"Clf MultNeg ""lOCode"" and ""total_Op""",0.993993993993994
"Clf MultNeg ""lOCode"" and ""total_Opnd""",0.996996996996997
"Clf MultNeg ""lOCode"" and ""branchCount""",0.993993993993994
"Clf MultNeg ""lOComment"" and ""locCodeAndComment""",0.987987987987988
"Clf MultNeg ""lOComment"" and ""lOBlank""",0.9819819819819819
"Clf MultNeg ""lOComment"" and ""uniq_Op""",0.9819819819819819
"Clf MultNeg ""lOComment"" and ""uniq_Opnd""",0.984984984984985
"Clf MultNeg ""lOComment"" and ""total_Op""",0.984984984984985
"Clf MultNeg ""lOComment"" and ""total_Opnd""",0.978978978978979
"Clf MultNeg ""lOComment"" and ""branchCount""",0.978978978978979
"Clf MultNeg ""locCodeAndComment"" and ""lOBlank""",0.9819819819819819
"Clf MultNeg ""locCodeAndComment"" and ""uniq_Op""",0.993993993993994
"Clf MultNeg ""locCodeAndComment"" and ""uniq_Opnd""",0.990990990990991
"Clf MultNeg ""locCodeAndComment"" and ""total_Op""",0.996996996996997
"Clf MultNeg ""locCodeAndComment"" and ""total_Opnd""",0.996996996996997
"Clf MultNeg ""locCodeAndComment"" and ""branchCount""",0.993993993993994
"Clf MultNeg ""lOBlank"" and ""uniq_Op""",0.9819819819819819
"Clf MultNeg ""lOBlank"" and ""uniq_Opnd""",0.9819819819819819
"Clf MultNeg ""lOBlank"" and ""total_Op""",0.9819819819819819
"Clf MultNeg ""lOBlank"" and ""total_Opnd""",0.9819819819819819
"Clf MultNeg ""lOBlank"" and ""branchCount""",0.9819819819819819
"Clf MultNeg ""uniq_Op"" and ""uniq_Opnd""",0.9819819819819819
"Clf MultNeg ""uniq_Op"" and ""total_Op""",0.987987987987988
"Clf MultNeg ""uniq_Op"" and ""total_Opnd""",0.990990990990991
"Clf MultNeg ""uniq_Op"" and ""branchCount""",0.987987987987988
"Clf MultNeg ""uniq_Opnd"" and ""total_Op""",0.990990990990991
"Clf MultNeg ""uniq_Opnd"" and ""total_Opnd""",0.990990990990991
"Clf MultNeg ""uniq_Opnd"" and ""branchCount""",0.987987987987988
"Clf MultNeg ""total_Op"" and ""total_Opnd""",0.996996996996997
"Clf MultNeg ""total_Op"" and ""branchCount""",0.996996996996997
"Clf MultNeg ""total_Opnd"" and ""branchCount""",0.996996996996997
"Clf Binning ""loc"" and ""v(g)""",0.996996996996997
"Clf Binning ""loc"" and ""ev(g)""",0.993993993993994
"Clf Binning ""loc"" and ""iv(G)""",0.993993993993994
"Clf Binning ""loc"" and ""N""",0.993993993993994
"Clf Binning ""loc"" and ""V""",0.990990990990991
"Clf Binning ""loc"" and ""L""",0.996996996996997
"Clf Binning ""loc"" and ""D""",0.990990990990991
"Clf Binning ""loc"" and ""I""",0.990990990990991
"Clf Binning ""loc"" and ""E""",0.990990990990991
"Clf Binning ""loc"" and ""B""",0.993993993993994
"Clf Binning ""loc"" and ""T""",0.990990990990991
"Clf Binning ""loc"" and ""lOCode""",0.978978978978979
"Clf Binning ""loc"" and ""lOComment""",0.978978978978979
"Clf Binning ""loc"" and ""locCodeAndComment""",0.975975975975976
"Clf Binning ""loc"" and ""lOBlank""",0.984984984984985
"Clf Binning ""loc"" and ""uniq_Op""",0.987987987987988
"Clf Binning ""loc"" and ""uniq_Opnd""",0.984984984984985
"Clf Binning ""loc"" and ""total_Op""",0.990990990990991
"Clf Binning ""loc"" and ""total_Opnd""",0.996996996996997
"Clf Binning ""loc"" and ""branchCount""",0.993993993993994
"Clf Binning ""v(g)"" and ""ev(g)""",1.0
"Clf Binning ""v(g)"" and ""iv(G)""",0.996996996996997
"Clf Binning ""v(g)"" and ""N""",1.0
"Clf Binning ""v(g)"" and ""V""",0.993993993993994
"Clf Binning ""v(g)"" and ""L""",1.0
"Clf Binning ""v(g)"" and ""D""",0.996996996996997
"Clf Binning ""v(g)"" and ""I""",0.996996996996997
"Clf Binning ""v(g)"" and ""E""",0.993993993993994
"Clf Binning ""v(g)"" and ""B""",0.996996996996997
"Clf Binning ""v(g)"" and ""T""",0.996996996996997
"Clf Binning ""v(g)"" and ""lOCode""",0.993993993993994
"Clf Binning ""v(g)"" and ""lOComment""",0.996996996996997
"Clf Binning ""v(g)"" and ""locCodeAndComment""",0.996996996996997
"Clf Binning ""v(g)"" and ""lOBlank""",1.0
"Clf Binning ""v(g)"" and ""uniq_Op""",0.996996996996997
"Clf Binning ""v(g)"" and ""uniq_Opnd""",0.993993993993994
"Clf Binning ""v(g)"" and ""total_Op""",0.996996996996997
"Clf Binning ""v(g)"" and ""total_Opnd""",0.996996996996997
"Clf Binning ""v(g)"" and ""branchCount""",0.996996996996997
"Clf Binning ""ev(g)"" and ""iv(G)""",0.996996996996997
"Clf Binning ""ev(g)"" and ""N""",1.0
"Clf Binning ""ev(g)"" and ""V""",0.993993993993994
"Clf Binning ""ev(g)"" and ""L""",0.996996996996997
"Clf Binning ""ev(g)"" and ""D""",0.996996996996997
"Clf Binning ""ev(g)"" and ""I""",0.996996996996997
"Clf Binning ""ev(g)"" and ""E""",0.993993993993994
"Clf Binning ""ev(g)"" and ""B""",0.996996996996997
"Clf Binning ""ev(g)"" and ""T""",0.996996996996997
"Clf Binning ""ev(g)"" and ""lOCode""",0.993993993993994
"Clf Binning ""ev(g)"" and ""lOComment""",0.996996996996997
"Clf Binning ""ev(g)"" and ""locCodeAndComment""",0.996996996996997
"Clf Binning ""ev(g)"" and ""lOBlank""",1.0
"Clf Binning ""ev(g)"" and ""uniq_Op""",0.996996996996997
"Clf Binning ""ev(g)"" and ""uniq_Opnd""",0.993993993993994
"Clf Binning ""ev(g)"" and ""total_Op""",0.996996996996997
"Clf Binning ""ev(g)"" and ""total_Opnd""",0.993993993993994
"Clf Binning ""ev(g)"" and ""branchCount""",0.996996996996997
"Clf Binning ""iv(G)"" and ""N""",1.0
"Clf Binning ""iv(G)"" and ""V""",0.993993993993994
"Clf Binning ""iv(G)"" and ""L""",0.996996996996997
"Clf Binning ""iv(G)"" and ""D""",0.996996996996997
"Clf Binning ""iv(G)"" and ""I""",0.993993993993994
"Clf Binning ""iv(G)"" and ""E""",0.993993993993994
"Clf Binning ""iv(G)"" and ""B""",0.996996996996997
"Clf Binning ""iv(G)"" and ""T""",0.996996996996997
"Clf Binning ""iv(G)"" and ""lOCode""",0.993993993993994
"Clf Binning ""iv(G)"" and ""lOComment""",0.996996996996997
"Clf Binning ""iv(G)"" and ""locCodeAndComment""",0.996996996996997
"Clf Binning ""iv(G)"" and ""lOBlank""",1.0
"Clf Binning ""iv(G)"" and ""uniq_Op""",0.996996996996997
"Clf Binning ""iv(G)"" and ""uniq_Opnd""",0.990990990990991
"Clf Binning ""iv(G)"" and ""total_Op""",0.996996996996997
"Clf Binning ""iv(G)"" and ""total_Opnd""",0.993993993993994
"Clf Binning ""iv(G)"" and ""branchCount""",0.996996996996997
"Clf Binning ""N"" and ""V""",0.996996996996997
"Clf Binning ""N"" and ""L""",0.996996996996997
"Clf Binning ""N"" and ""D""",0.996996996996997
"Clf Binning ""N"" and ""I""",0.993993993993994
"Clf Binning ""N"" and ""E""",0.996996996996997
"Clf Binning ""N"" and ""B""",0.993993993993994
"Clf Binning ""N"" and ""T""",0.993993993993994
"Clf Binning ""N"" and ""lOCode""",0.996996996996997
"Clf Binning ""N"" and ""lOComment""",0.996996996996997
"Clf Binning ""N"" and ""locCodeAndComment""",1.0
"Clf Binning ""N"" and ""lOBlank""",0.993993993993994
"Clf Binning ""N"" and ""uniq_Op""",0.993993993993994
"Clf Binning ""N"" and ""uniq_Opnd""",0.993993993993994
"Clf Binning ""N"" and ""total_Op""",0.993993993993994
"Clf Binning ""N"" and ""total_Opnd""",0.996996996996997
"Clf Binning ""N"" and ""branchCount""",0.996996996996997
"Clf Binning ""V"" and ""L""",0.993993993993994
"Clf Binning ""V"" and ""D""",0.996996996996997
"Clf Binning ""V"" and ""I""",0.993993993993994
"Clf Binning ""V"" and ""E""",0.990990990990991
"Clf Binning ""V"" and ""B""",0.996996996996997
"Clf Binning ""V"" and ""T""",0.993993993993994
"Clf Binning ""V"" and ""lOCode""",0.990990990990991
"Clf Binning ""V"" and ""lOComment""",0.993993993993994
"Clf Binning ""V"" and ""locCodeAndComment""",0.990990990990991
"Clf Binning ""V"" and ""lOBlank""",0.990990990990991
"Clf Binning ""V"" and ""uniq_Op""",0.993993993993994
"Clf Binning ""V"" and ""uniq_Opnd""",0.987987987987988
"Clf Binning ""V"" and ""total_Op""",0.993993993993994
"Clf Binning ""V"" and ""total_Opnd""",0.993993993993994
"Clf Binning ""V"" and ""branchCount""",0.993993993993994
"Clf Binning ""L"" and ""D""",0.993993993993994
"Clf Binning ""L"" and ""I""",0.996996996996997
"Clf Binning ""L"" and ""E""",0.996996996996997
"Clf Binning ""L"" and ""B""",0.996996996996997
"Clf Binning ""L"" and ""T""",0.996996996996997
"Clf Binning ""L"" and ""lOCode""",0.996996996996997
"Clf Binning ""L"" and ""lOComment""",0.996996996996997
"Clf Binning ""L"" and ""locCodeAndComment""",0.993993993993994
"Clf Binning ""L"" and ""lOBlank""",1.0
"Clf Binning ""L"" and ""uniq_Op""",0.996996996996997
"Clf Binning ""L"" and ""uniq_Opnd""",0.993993993993994
"Clf Binning ""L"" and ""total_Op""",0.996996996996997
"Clf Binning ""L"" and ""total_Opnd""",0.996996996996997
"Clf Binning ""L"" and ""branchCount""",0.996996996996997
"Clf Binning ""D"" and ""I""",0.996996996996997
"Clf Binning ""D"" and ""E""",0.993993993993994
"Clf Binning ""D"" and ""B""",0.996996996996997
"Clf Binning ""D"" and ""T""",0.993993993993994
"Clf Binning ""D"" and ""lOCode""",0.996996996996997
"Clf Binning ""D"" and ""lOComment""",0.993993993993994
"Clf Binning ""D"" and ""locCodeAndComment""",0.996996996996997
"Clf Binning ""D"" and ""lOBlank""",1.0
"Clf Binning ""D"" and ""uniq_Op""",0.996996996996997
"Clf Binning ""D"" and ""uniq_Opnd""",0.993993993993994
"Clf Binning ""D"" and ""total_Op""",0.996996996996997
"Clf Binning ""D"" and ""total_Opnd""",0.996996996996997
"Clf Binning ""D"" and ""branchCount""",0.993993993993994
"Clf Binning ""I"" and ""E""",0.990990990990991
"Clf Binning ""I"" and ""B""",0.993993993993994
"Clf Binning ""I"" and ""T""",0.993993993993994
"Clf Binning ""I"" and ""lOCode""",0.993993993993994
"Clf Binning ""I"" and ""lOComment""",0.993993993993994
"Clf Binning ""I"" and ""locCodeAndComment""",0.990990990990991
"Clf Binning ""I"" and ""lOBlank""",0.993993993993994
"Clf Binning ""I"" and ""uniq_Op""",0.993993993993994
"Clf Binning ""I"" and ""uniq_Opnd""",0.984984984984985
"Clf Binning ""I"" and ""total_Op""",0.993993993993994
"Clf Binning ""I"" and ""total_Opnd""",0.993993993993994
"Clf Binning ""I"" and ""branchCount""",0.996996996996997
"Clf Binning ""E"" and ""B""",0.993993993993994
"Clf Binning ""E"" and ""T""",0.990990990990991
"Clf Binning ""E"" and ""lOCode""",0.987987987987988
"Clf Binning ""E"" and ""lOComment""",0.993993993993994
"Clf Binning ""E"" and ""locCodeAndComment""",0.993993993993994
"Clf Binning ""E"" and ""lOBlank""",0.993993993993994
"Clf Binning ""E"" and ""uniq_Op""",0.987987987987988
"Clf Binning ""E"" and ""uniq_Opnd""",0.990990990990991
"Clf Binning ""E"" and ""total_Op""",0.993993993993994
"Clf Binning ""E"" and ""total_Opnd""",0.990990990990991
"Clf Binning ""E"" and ""branchCount""",0.993993993993994
"Clf Binning ""B"" and ""T""",0.996996996996997
"Clf Binning ""B"" and ""lOCode""",0.996996996996997
"Clf Binning ""B"" and ""lOComment""",0.993993993993994
"Clf Binning ""B"" and ""locCodeAndComment""",0.990990990990991
"Clf Binning ""B"" and ""lOBlank""",0.993993993993994
"Clf Binning ""B"" and ""uniq_Op""",1.0
"Clf Binning ""B"" and ""uniq_Opnd""",0.993993993993994
"Clf Binning ""B"" and ""total_Op""",0.993993993993994
"Clf Binning ""B"" and ""total_Opnd""",0.996996996996997
"Clf Binning ""B"" and ""branchCount""",0.996996996996997
"Clf Binning ""T"" and ""lOCode""",0.990990990990991
"Clf Binning ""T"" and ""lOComment""",0.993993993993994
"Clf Binning ""T"" and ""locCodeAndComment""",0.993993993993994
"Clf Binning ""T"" and ""lOBlank""",0.993993993993994
"Clf Binning ""T"" and ""uniq_Op""",0.993993993993994
"Clf Binning ""T"" and ""uniq_Opnd""",0.990990990990991
"Clf Binning ""T"" and ""total_Op""",0.993993993993994
"Clf Binning ""T"" and ""total_Opnd""",0.993993993993994
"Clf Binning ""T"" and ""branchCount""",0.996996996996997
"Clf Binning ""lOCode"" and ""lOComment""",0.993993993993994
"Clf Binning ""lOCode"" and ""locCodeAndComment""",0.987987987987988
"Clf Binning ""lOCode"" and ""lOBlank""",0.996996996996997
"Clf Binning ""lOCode"" and ""uniq_Op""",0.996996996996997
"Clf Binning ""lOCode"" and ""uniq_Opnd""",0.984984984984985
"Clf Binning ""lOCode"" and ""total_Op""",0.993993993993994
"Clf Binning ""lOCode"" and ""total_Opnd""",0.993993993993994
"Clf Binning ""lOCode"" and ""branchCount""",0.996996996996997
"Clf Binning ""lOComment"" and ""locCodeAndComment""",0.978978978978979
"Clf Binning ""lOComment"" and ""lOBlank""",0.993993993993994
"Clf Binning ""lOComment"" and ""uniq_Op""",0.987987987987988
"Clf Binning ""lOComment"" and ""uniq_Opnd""",0.978978978978979
"Clf Binning ""lOComment"" and ""total_Op""",0.993993993993994
"Clf Binning ""lOComment"" and ""total_Opnd""",0.993993993993994
"Clf Binning ""lOComment"" and ""branchCount""",0.993993993993994
"Clf Binning ""locCodeAndComment"" and ""lOBlank""",0.987987987987988
"Clf Binning ""locCodeAndComment"" and ""uniq_Op""",0.993993993993994
"Clf Binning ""locCodeAndComment"" and ""uniq_Opnd""",0.987987987987988
"Clf Binning ""locCodeAndComment"" and ""total_Op""",0.996996996996997
"Clf Binning ""locCodeAndComment"" and ""total_Opnd""",0.987987987987988
"Clf Binning ""locCodeAndComment"" and ""branchCount""",0.993993993993994
"Clf Binning ""lOBlank"" and ""uniq_Op""",0.996996996996997
"Clf Binning ""lOBlank"" and ""uniq_Opnd""",0.993993993993994
"Clf Binning ""lOBlank"" and ""total_Op""",0.993993993993994
"Clf Binning ""lOBlank"" and ""total_Opnd""",0.996996996996997
"Clf Binning ""lOBlank"" and ""branchCount""",1.0
"Clf Binning ""uniq_Op"" and ""uniq_Opnd""",0.996996996996997
"Clf Binning ""uniq_Op"" and ""total_Op""",0.996996996996997
"Clf Binning ""uniq_Op"" and ""total_Opnd""",0.996996996996997
"Clf Binning ""uniq_Op"" and ""branchCount""",0.996996996996997
"Clf Binning ""uniq_Opnd"" and ""total_Op""",0.993993993993994
"Clf Binning ""uniq_Opnd"" and ""total_Opnd""",0.990990990990991
"Clf Binning ""uniq_Opnd"" and ""branchCount""",0.993993993993994
"Clf Binning ""total_Op"" and ""total_Opnd""",0.996996996996997
"Clf Binning ""total_Op"" and ""branchCount""",0.996996996996997
"Clf Binning ""total_Opnd"" and ""branchCount""",0.996996996996997
